{
    "items": [
        {
            "id": 1,
            "name": "Livre 1",
            "status": true
        },
        {
            "id": 2,
            "name": "Livre 2",
            "status": false
        },
        {
            "id": 3,
            "name": "Livre 3",
            "status": true
        },
        {
            "id": 4,
            "name": "Livre 4",
            "status": true
        },
        {
            "id": 5,
            "name": "Livre 5",
            "status": false
        }
    ]
}